<?xml version="1.0" encoding="UTF-8" standalone="yes"?>
<addon id="plugin.video.salemmax.vietnamtv"
       name="[COLOR blue][B]Việt Nam Tv[/B][/COLOR]"
       version="1.0.0"
       provider-name="Salemmax">
  <requires>
    <import addon="xbmc.python" version="2.1.0"/>
    <import addon="script.module.beautifulsoup" version="3.2.1"/>
    <import addon="script.module.simple.downloader" version="0.9.4"/>
    <import addon="script.module.beautifulsoup4" />
    <import addon="script.module.requests" />
    <import addon="script.module.httplib2" />
    <import addon="script.module.liveresolver" version="0.1.24" optional="true"/>
    <import addon="script.module.youtube.dl" optional="true"/>
    <import addon="plugin.video.youtube" optional="true" />
	<import addon="plugin.video.xshare" optional="true" />
	<import addon="script.module.xshare" optional="true"/>
    <import addon="script.module.urlresolver" optional="true"/>
    <import addon="script.module.simplejson" />    
     <import addon="script.module.livestreamer" optional="true"/>
     <import addon="script.module.pyamf" optional="true"/>
  </requires>
  <extension point="xbmc.python.pluginsource" library="default.py">
    <provides>video</provides>
  </extension>
  <extension point="xbmc.service" library="autostart.py" start="startup">
  </extension>
  <extension point="xbmc.addon.metadata">
    <summary>Kênh giải trí tổng hợp.</summary>
    <description>[COLOR deeppink][B]
	- Addon được Dựa Trên Shani Và Salemmax xây dựng dựa vào nguồn dữ liệu trên internet. Bản quyền tác giả thuộc về Salemmax. 
	- Với mục đích phục vụ nhu cầu giải trí cho cộng đồng Kodi. Chúng tôi đã tốn nhiều thời gian và công sức để tạo ra sản phẩm, vì vậy mong các tổ chức và cá nhân tuân thủ các quy định sau:
	- Không tự ý sử dụng mã nguồn của addon khi chưa có sự đồng ý của nhóm lập trình viên Salemmax.
	- Không tự ý chỉnh sửa lại addon và chia sẻ, quảng cáo phục vụ cho nhu cầu lợi ích của một cá nhân hay tập thể nào đó.[/B][/COLOR]</description>
    <disclaimer>[COLOR orangered]Các kênh được phổ biến và chia sẻ miễn phí trên internet. Chúng tôi không chịu mọi trách nhiệm pháp lý.[/COLOR]</disclaimer>
    <platform>all</platform>
  </extension>
</addon>